{
  "ents_f": 84.9570239566,
  "ents_p": 85.3076216713,
  "ents_per_type": {
    "LOC": {
      "f": 87.7077912047,
      "p": 87.0366003207,
      "r": 88.3894144414
    },
    "MISC": {
      "f": 75.6690837179,
      "p": 80.1550171077,
      "r": 71.6586553468
    },
    "ORG": {
      "f": 77.2029474977,
      "p": 78.873902133,
      "r": 75.6013229104
    },
    "PER": {
      "f": 90.8045977011,
      "p": 89.0585935724,
      "r": 92.62043209
    }
  },
  "ents_r": 84.6092962236,
  "las": 90.9007230132,
  "las_per_type": {
    "ac": {
      "f": 89.0909090909,
      "p": 95.145631068,
      "r": 83.7606837607
    },
    "adc": {
      "f": 100.0,
      "p": 100.0,
      "r": 100.0
    },
    "ag": {
      "f": 96.0832648589,
      "p": 95.3260869565,
      "r": 96.8525676422
    },
    "ams": {
      "f": 78.2608695652,
      "p": 77.1428571429,
      "r": 79.4117647059
    },
    "app": {
      "f": 67.0016750419,
      "p": 66.6666666667,
      "r": 67.3400673401
    },
    "cc": {
      "f": 67.7333333333,
      "p": 72.1590909091,
      "r": 63.8190954774
    },
    "cd": {
      "f": 89.1961414791,
      "p": 89.1961414791,
      "r": 89.1961414791
    },
    "cj": {
      "f": 86.4838393732,
      "p": 86.4415075869,
      "r": 86.5262126409
    },
    "cm": {
      "f": 88.8349514563,
      "p": 89.7058823529,
      "r": 87.9807692308
    },
    "cp": {
      "f": 96.4641885766,
      "p": 96.2025316456,
      "r": 96.7272727273
    },
    "cvc": {
      "f": 69.5652173913,
      "p": 81.3559322034,
      "r": 60.7594936709
    },
    "da": {
      "f": 66.8674698795,
      "p": 82.2222222222,
      "r": 56.345177665
    },
    "dep": {
      "f": 0.0,
      "p": 0.0,
      "r": 0.0
    },
    "dm": {
      "f": 0.0,
      "p": 0.0,
      "r": 0.0
    },
    "ep": {
      "f": 85.6088560886,
      "p": 84.0579710145,
      "r": 87.2180451128
    },
    "ju": {
      "f": 95.4773869347,
      "p": 95.0,
      "r": 95.9595959596
    },
    "mnr": {
      "f": 76.7186840995,
      "p": 77.1743742045,
      "r": 76.2683438155
    },
    "mo": {
      "f": 80.3669358859,
      "p": 79.4010442321,
      "r": 81.3566165338
    },
    "ng": {
      "f": 81.4814814815,
      "p": 81.0526315789,
      "r": 81.914893617
    },
    "nk": {
      "f": 97.9391878214,
      "p": 97.7768795473,
      "r": 98.1020358504
    },
    "nmc": {
      "f": 97.7038796516,
      "p": 97.9365079365,
      "r": 97.4723538705
    },
    "oa": {
      "f": 87.7007064868,
      "p": 85.6649937265,
      "r": 89.8355263158
    },
    "oa2": {
      "f": 0.0,
      "p": 0.0,
      "r": 0.0
    },
    "oc": {
      "f": 92.8305261589,
      "p": 92.32137563,
      "r": 93.345323741
    },
    "og": {
      "f": 40.0,
      "p": 66.6666666667,
      "r": 28.5714285714
    },
    "op": {
      "f": 66.4961636829,
      "p": 77.8443113772,
      "r": 58.0357142857
    },
    "par": {
      "f": 37.5366568915,
      "p": 47.7611940299,
      "r": 30.9178743961
    },
    "pd": {
      "f": 81.3404417365,
      "p": 84.6275752773,
      "r": 78.2991202346
    },
    "pg": {
      "f": 88.5714285714,
      "p": 89.1373801917,
      "r": 88.0126182965
    },
    "ph": {
      "f": 20.0,
      "p": 33.3333333333,
      "r": 14.2857142857
    },
    "pm": {
      "f": 99.7142857143,
      "p": 99.7142857143,
      "r": 99.7142857143
    },
    "pnc": {
      "f": 84.5253576073,
      "p": 86.0927152318,
      "r": 83.0140485313
    },
    "rc": {
      "f": 71.4606741573,
      "p": 71.6216216216,
      "r": 71.3004484305
    },
    "re": {
      "f": 68.75,
      "p": 72.8476821192,
      "r": 65.0887573964
    },
    "root": {
      "f": 96.3107156099,
      "p": 96.5254552211,
      "r": 96.0969293378
    },
    "rs": {
      "f": 47.619047619,
      "p": 90.9090909091,
      "r": 32.2580645161
    },
    "sb": {
      "f": 92.749825297,
      "p": 92.6527050611,
      "r": 92.8471493529
    },
    "sbp": {
      "f": 86.5546218487,
      "p": 84.4262295082,
      "r": 88.7931034483
    },
    "svp": {
      "f": 93.7076476283,
      "p": 94.7162426614,
      "r": 92.7203065134
    },
    "uc": {
      "f": 31.5789473684,
      "p": 75.0,
      "r": 20.0
    },
    "vo": {
      "f": 0.0,
      "p": 0.0,
      "r": 0.0
    }
  },
  "tags_acc": 97.9306746666,
  "token_acc": 99.9191582022,
  "uas": 92.8426147245
}